<?xml version="1.0" encoding="utf-8" ?>
<!-- Copyright 2019 ACSONE SA/NV
     License AGPL-3.0 or later (http://www.gnu.org/licenses/agpl). -->
<odoo>
    <record model="ir.model.access" id="product_template_link_type_access_read">
        <field name="name">product.template.link.type access read</field>
        <field name="model_id" ref="model_product_template_link_type" />
        <field name="group_id" ref="base.group_user" />
        <field name="perm_read" eval="1" />
        <field name="perm_create" eval="0" />
        <field name="perm_write" eval="0" />
        <field name="perm_unlink" eval="0" />
    </record>
    <record model="ir.model.access" id="product_template_link_type_access_manage">
        <field name="name">product.template.link.type access manager</field>
        <field name="model_id" ref="model_product_template_link_type" />
        <field name="group_id" ref="sales_team.group_sale_manager" />
        <field name="perm_read" eval="1" />
        <field name="perm_create" eval="1" />
        <field name="perm_write" eval="1" />
        <field name="perm_unlink" eval="1" />
    </record>
</odoo>
