<?xml version="1.0" encoding="utf-8" ?>
<!-- Copyright 2019 ACSONE SA/NV
     License AGPL-3.0 or later (http://www.gnu.org/licenses/agpl). -->
<odoo noupdate="1">
    <record
        model="product.template.link.type"
        id="product_template_link_type_cross_selling"
    >
        <field name="name">Cross Selling</field>
        <field name="code">cross-selling</field>
    </record>
    <record
        model="product.template.link.type"
        id="product_template_link_type_up_selling"
    >
        <field name="name">Up Selling</field>
        <field name="code">up-selling</field>
    </record>
</odoo>
